Date,Region,Cost
2026-02-11,eu-north-1,14.64714
2026-02-11,eu-west-2,2.795275
2026-02-11,global,0.000268
2026-02-11,us-east-1,10.927996
2026-02-12,eu-north-1,14.709907
2026-02-12,eu-west-2,3.083183
2026-02-12,global,0.00005
2026-02-12,us-east-1,10.766666
2026-02-13,eu-north-1,14.583912
2026-02-13,eu-west-2,2.910149
2026-02-13,global,0.000349
2026-02-13,us-east-1,10.586951
2026-02-14,eu-north-1,14.649407
2026-02-14,eu-west-2,2.95407
2026-02-14,global,0.000026
2026-02-14,us-east-1,11.120393
2026-02-15,eu-north-1,14.928023
2026-02-15,eu-west-2,2.819899
2026-02-15,global,0.000281
2026-02-15,us-east-1,11.046447
2026-02-16,eu-north-1,15.200091
2026-02-16,eu-west-2,3.015707
2026-02-16,global,0.000225
2026-02-16,us-east-1,10.790574
2026-02-17,eu-north-1,15.615157
2026-02-17,eu-west-2,2.991476
2026-02-17,global,0.000104
2026-02-17,us-east-1,11.2196
2026-02-18,eu-north-1,14.954724
2026-02-18,eu-west-2,2.72009
2026-02-18,global,0.000146
2026-02-18,us-east-1,10.565918
2026-02-19,eu-north-1,15.034343
2026-02-19,eu-west-2,3.06288
2026-02-19,global,0.000331
2026-02-19,us-east-1,11.111768
2026-02-20,eu-north-1,14.899982
2026-02-20,eu-west-2,3.117956
2026-02-20,global,0.000154
2026-02-20,us-east-1,10.987577
2026-02-21,eu-north-1,15.193753
2026-02-21,eu-west-2,3.027483
2026-02-21,global,0.000247
2026-02-21,us-east-1,10.706487
2026-02-22,eu-north-1,14.635237
2026-02-22,eu-west-2,2.790258
2026-02-22,global,0.000288
2026-02-22,us-east-1,10.898968
2026-02-23,eu-north-1,15.806013
2026-02-23,eu-west-2,2.829343
2026-02-23,global,0.000458
2026-02-23,us-east-1,10.951753
2026-02-24,eu-north-1,14.951435
2026-02-24,eu-west-2,2.780416
2026-02-24,global,0.000429
2026-02-24,us-east-1,11.012876
2026-02-25,eu-north-1,14.796541
2026-02-25,eu-west-2,3.043479
2026-02-25,global,0.000162
2026-02-25,us-east-1,11.025455
2026-02-26,eu-north-1,14.932408
2026-02-26,eu-west-2,2.992471
2026-02-26,global,0.000181
2026-02-26,us-east-1,11.187362
2026-02-27,eu-north-1,15.432094
2026-02-27,eu-west-2,3.019339
2026-02-27,global,0.000061
2026-02-27,us-east-1,10.971926
2026-02-28,eu-north-1,15.864178
2026-02-28,eu-west-2,2.959885
2026-02-28,global,0.000456
2026-02-28,us-east-1,10.555061
2026-03-01,eu-north-1,14.972167
2026-03-01,eu-west-2,3.005915
2026-03-01,global,0.00049
2026-03-01,us-east-1,11.135363
2026-03-02,eu-north-1,14.591054
2026-03-02,eu-west-2,2.998524
2026-03-02,global,0.000395
2026-03-02,us-east-1,11.141793
2026-03-03,eu-north-1,15.698949
2026-03-03,eu-west-2,2.833736
2026-03-03,global,0.000245
2026-03-03,us-east-1,11.129554
2026-03-04,eu-north-1,14.426796
2026-03-04,eu-west-2,2.942038
2026-03-04,global,0.000349
2026-03-04,us-east-1,10.851067
2026-03-05,eu-north-1,14.704977
2026-03-05,eu-west-2,3.04626
2026-03-05,global,0.000332
2026-03-05,us-east-1,10.964339
2026-03-06,eu-north-1,15.911795
2026-03-06,eu-west-2,2.950434
2026-03-06,global,0.00022
2026-03-06,us-east-1,10.78752
2026-03-07,eu-north-1,15.400136
2026-03-07,eu-west-2,2.929533
2026-03-07,global,0.000169
2026-03-07,us-east-1,11.052302
2026-03-08,eu-north-1,15.422917
2026-03-08,eu-west-2,3.030934
2026-03-08,global,0.00038
2026-03-08,us-east-1,11.326342
2026-03-09,eu-north-1,14.827204
2026-03-09,eu-west-2,3.149239
2026-03-09,global,0.000049
2026-03-09,us-east-1,10.776665
2026-03-10,eu-north-1,15.132071
2026-03-10,eu-west-2,2.99166
2026-03-10,global,0.000187
2026-03-10,us-east-1,11.059926
2026-03-11,eu-north-1,14.836225
2026-03-11,eu-west-2,2.762602
2026-03-11,global,0.00012
2026-03-11,us-east-1,11.19933
2026-03-12,eu-north-1,15.388211
2026-03-12,eu-west-2,2.778755
2026-03-12,global,0.000339
2026-03-12,us-east-1,10.859786
2026-03-13,eu-north-1,14.997735
2026-03-13,eu-west-2,2.967594
2026-03-13,global,0.0001
2026-03-13,us-east-1,10.857156
2026-03-14,eu-north-1,15.323824
2026-03-14,eu-west-2,3.037902
2026-03-14,global,0.000329
2026-03-14,us-east-1,10.786056
2026-03-15,eu-north-1,15.23215
2026-03-15,eu-west-2,2.808219
2026-03-15,global,0.000143
2026-03-15,us-east-1,11.194668
2026-03-16,eu-north-1,15.412037
2026-03-16,eu-west-2,3.002316
2026-03-16,global,0.000419
2026-03-16,us-east-1,10.960508
2026-03-17,eu-north-1,14.954077
2026-03-17,eu-west-2,2.929101
2026-03-17,global,0.000148
2026-03-17,us-east-1,10.995723
2026-03-18,eu-north-1,15.22183
2026-03-18,eu-west-2,3.09086
2026-03-18,global,0.000128
2026-03-18,us-east-1,10.800513
2026-03-19,eu-north-1,14.837092
2026-03-19,eu-west-2,2.822293
2026-03-19,global,0.000483
2026-03-19,us-east-1,11.348835
2026-03-20,eu-north-1,14.919184
2026-03-20,eu-west-2,3.011166
2026-03-20,global,0.000268
2026-03-20,us-east-1,11.541345
2026-03-21,eu-north-1,14.795232
2026-03-21,eu-west-2,3.108638
2026-03-21,global,0.000013
2026-03-21,us-east-1,11.046373
2026-03-22,eu-north-1,15.095866
2026-03-22,eu-west-2,2.847483
2026-03-22,global,0.000204
2026-03-22,us-east-1,11.157183
2026-03-23,eu-north-1,14.977296
2026-03-23,eu-west-2,2.868466
2026-03-23,global,0.000335
2026-03-23,us-east-1,10.76604
2026-03-24,eu-north-1,15.456481
2026-03-24,eu-west-2,2.811324
2026-03-24,global,0.000204
2026-03-24,us-east-1,10.955891
2026-03-25,eu-north-1,15.126778
2026-03-25,eu-west-2,3.136024
2026-03-25,global,0.000272
2026-03-25,us-east-1,10.779608
2026-03-26,eu-north-1,15.364335
2026-03-26,eu-west-2,2.870177
2026-03-26,global,0.000321
2026-03-26,us-east-1,10.731709
2026-03-27,eu-north-1,14.934038
2026-03-27,eu-west-2,2.826099
2026-03-27,global,0.000104
2026-03-27,us-east-1,10.949756
2026-03-28,eu-north-1,14.678037
2026-03-28,eu-west-2,2.983842
2026-03-28,global,0.000065
2026-03-28,us-east-1,10.73033
2026-03-29,eu-north-1,14.364363
2026-03-29,eu-west-2,2.826623
2026-03-29,global,0.000087
2026-03-29,us-east-1,10.789348
2026-03-30,eu-north-1,14.428616
2026-03-30,eu-west-2,2.972118
2026-03-30,global,0.000252
2026-03-30,us-east-1,11.093526
2026-03-31,eu-north-1,14.525468
2026-03-31,eu-west-2,2.935447
2026-03-31,global,0.000239
2026-03-31,us-east-1,11.392096
2026-04-01,eu-north-1,14.60311
2026-04-01,eu-west-2,2.732065
2026-04-01,global,0.000138
2026-04-01,us-east-1,11.164697
2026-04-02,eu-north-1,14.70462
2026-04-02,eu-west-2,2.937665
2026-04-02,global,0.000351
2026-04-02,us-east-1,11.097563
2026-04-03,eu-north-1,15.174232
2026-04-03,eu-west-2,2.83651
2026-04-03,global,0.000227
2026-04-03,us-east-1,11.194579
2026-04-04,eu-north-1,14.179369
2026-04-04,eu-west-2,2.839648
2026-04-04,global,0.000416
2026-04-04,us-east-1,11.055167
2026-04-05,eu-north-1,14.196524
2026-04-05,eu-west-2,2.967118
2026-04-05,global,0.000061
2026-04-05,us-east-1,11.272091
2026-04-06,eu-north-1,14.829124
2026-04-06,eu-west-2,3.080746
2026-04-06,global,0.000289
2026-04-06,us-east-1,11.313043
2026-04-07,eu-north-1,14.934192
2026-04-07,eu-west-2,3.024482
2026-04-07,global,0.000404
2026-04-07,us-east-1,10.627897
2026-04-08,eu-north-1,15.881882
2026-04-08,eu-west-2,2.905209
2026-04-08,global,0.000134
2026-04-08,us-east-1,11.286884
2026-04-09,eu-north-1,14.776534
2026-04-09,eu-west-2,2.836586
2026-04-09,global,0.000071
2026-04-09,us-east-1,10.76392
2026-04-10,eu-north-1,14.925302
2026-04-10,eu-west-2,2.884268
2026-04-10,global,0.000388
2026-04-10,us-east-1,10.957593
2026-04-11,eu-north-1,14.859257
2026-04-11,eu-west-2,3.000734
2026-04-11,global,0.000243
2026-04-11,us-east-1,10.461299
